name,dirname,date
PrologPathFinder,PrologPathFinder,2018-09-02 23:55:00
PrologWordFind,PrologWordFind,2018-09-05 23:55:00
PrologNLP (Part 1),PrologNLP,2018-09-09 23:55:00
PrologNLP (Part 2),PrologNLP,2018-09-11 23:55:00
ErlangListProbs,ErlangListProbs,2018-09-16 23:55:00
ErlangMergeSort,ErlangMergeSort,2018-09-19 23:55:00
Erlang Raft (Part 1),ErlangRaft,2018-09-23 23:55:00
Erlang Raft (Part 2),ErlangRaft,2018-09-25 23:55:00
HaskellHighOrder,HaskellHighOrder,2018-09-30 23:55:00
HaskellADTAndTypeclasses,HaskellADTAndTypeclasses,2018-10-03 23:55:00
HaskellPong,HaskellPong,2018-10-03 23:55:01
HaskellVideoGame (Part 1),HaskellVideoGame,2018-10-07 23:55:00
HaskellVideoGame (Part 1),HaskellVideoGame,2018-10-14 23:55:00
Final Project Proposal,FinalProject,2018-10-19 23:55:00
Final Project Demo,FinalProject,2018-11-13 09:00:00
Smalltalk Minesweeper,SmalltalkMinesweeper,2018-10-21 23:55:00
Lua Inheritance,LuaInheritance,2018-11-02 23:55:00
Student Language Activity Grade Submissions,,2018-11-15 23:55:00
